Title,Premiere Date,End Date,Query,Reviewer,Audience
Detective Pikachu,5/2/2019,5/9/2019,"""detective pikachu""",69,79
Gemini Man,10/11/2019,10/18/2019,"""Gemini Man""",26,83
The Irishman,9/27/2019,10/4/2019,"""The Irishman""",96,86
Angel Has Fallen,8/20/2019,8/27/2019,"""Angel Has Fallen""",39,93
Hobbs & Shaw,8/2/2019,8/9/2019,"""Hobbs"" ""Shaw""",67,88
Vivarium,3/27/2020,4/3/2020,"""Vivarium""",70,37
Birds of Prey,2/7/2020,2/14/2020,"""Birds of Prey""",78,78
Jojo Rabbit,11/8/2019,11/15/2019,"""Jojo Rabbit""",79,94
Spies in Disguise,12/25/2019,1/2/2020,"""Spies in Disguise""",75,92
Frozen II,11/22/2019,11/29/2019,"""frozen ii"" OR ""frozen 2""",77,92
Uncut Gems,12/25/2019,1/2/2020,"""Uncut Gems""",92,52
Ad Astra,9/20/2019,9/27/2019,"""Ad Astra""",84,40
Klaus,11/8/2019,11/15/2019,"""Klaus""",94,97
The Two Popes,11/27/2019,12/3/2019,"""The Two Popes""",89,88
Marriage Story,8/29/2019,9/5/2019,"""Marriage Story""",95,85
Avengers: Endgame,4/26/2019,5/2/2019,"""Avengers"" ""Endgame""",94,90
Trolls World Tour,4/10/2020,4/17/2020,"""Trolls World Tour""",69,62
Coffee & Kareem,4/3/2020,4/10/2020,"""Coffee Kareem""",19,32
Knives Out,11/27/2019,12/3/2019,"""Knives Out""",97,92
Queen & Slim,11/27/2019,12/3/2019,"""Queen"" ""Slim""",82,92
